ano,trimestre,region,fgt0,fgt1,fgt2,a25,a50,a75,ingreso_promedio,ingreso_mediana,salario_minimo,kaitz_indice
1990,2,Amazonía,0.8701674991031761,0.5702684723349629,0.4580572620789244,0.16138506911651673,0.3755259261566075,0.7114192138561508,33.50100823995916,25.86483786129148,39.0,1.5078385648172261
1990,2,Azuay,0.846350509717324,0.5426270650502063,0.4299867898893751,0.17215742294706038,0.38201106642497273,0.697452544338351,40.72101722126455,29.922158105770954,39.0,1.3033819239287503
1990,2,"Costa, Santo Domingo",0.8741934409855169,0.597360034533979,0.48169599077953157,0.15683361015094444,0.3685941040909062,0.7053747007708168,29.941165806120782,23.28476776588568,39.0,1.6749147078519966
1990,2,El Oro,0.881912524828135,0.6512057276344893,0.5562630756111925,0.1975893890442748,0.45294313427115795,0.8038909224045544,26.035558605296508,17.14062180083433,39.0,2.2752966872007905
1990,2,Guayas,0.8610437091726011,0.5777184616880856,0.46532281098229966,0.1795366012227344,0.39610347035132354,0.7174750256589162,35.6985721326123,25.069901731477263,39.0,1.5556502940349537
1990,2,Los Ríos,0.9010371982140184,0.6058756306300387,0.4909048512532674,0.16322495980745289,0.37640148644931104,0.7050101599026293,29.845415475081175,23.51542750043119,39.0,1.6584856898427587
1990,2,Manabí,0.9029632455805672,0.6388472701127562,0.5291771286445582,0.18406451181066874,0.4138545830591225,0.7477155356382128,27.70764942972373,20.77651127373858,39.0,1.8771197669406523
1990,2,Pichincha,0.7780214632043068,0.5003310554728454,0.3897198610238448,0.1702068249776152,0.36609055853040606,0.657232321378481,49.225807869238594,31.502470196071293,39.0,1.237998155613325
1990,2,Sierra,0.8965056557091736,0.6311489458521651,0.5222988656733114,0.1853017960444734,0.4208181678193118,0.7615155505692033,28.761085184914435,20.318031190590542,39.0,1.919477317175359
1990,3,Amazonía,0.9052777930730687,0.6010520643640006,0.48194077376742,0.1603709650549363,0.3740729161467474,0.7101658010363419,30.098099584533614,23.491617199392824,39.0,1.6601666743066124
1990,3,Azuay,0.8743456897058745,0.5730882678461012,0.4551259817201493,0.17345260101702564,0.38515372173818707,0.7022552905372601,36.6361643931101,26.700399383059658,39.0,1.460652308622168
1990,3,"Costa, Santo Domingo",0.9055500756230683,0.6259916726305104,0.50617382376254,0.15653566905501926,0.36712150440942526,0.7020401335694226,27.039795411180236,19.645798307480423,39.0,1.9851573038470105
1990,3,El Oro,0.9139171245291167,0.6618710938027268,0.5600791319949624,0.1894801806151578,0.43708036803989414,0.7871848750975351,24.40737530401738,16.677148022163188,39.0,2.3385293425572966
1990,3,Guayas,0.890497142655215,0.5956376660154713,0.4763207336563909,0.17447642594496382,0.38631062530856186,0.7055763846819048,33.13408542246289,23.907250970357993,39.0,1.6313042452415434
1990,3,Los Ríos,0.901846779054198,0.6233613071338826,0.5026896249356155,0.15679922206048735,0.36198780830559896,0.6847196978183099,27.793596330234568,21.55599027149192,39.0,1.8092418631111564
1990,3,Manabí,0.9162342338033633,0.6494258251685966,0.5344032969739759,0.17647986243117342,0.40098516584624655,0.7350465422459924,26.024788241704915,20.234087472930675,39.0,1.9274405160190453
1990,3,Pichincha,0.805822434405561,0.5246092411356851,0.4088400293341562,0.16955849103375187,0.36449234818110376,0.654706852493801,44.983516428172095,28.385704115933,39.0,1.3739310408054721
1990,3,Sierra,0.9137131144137377,0.653571158859074,0.5396670105602298,0.18163279595850967,0.4143629236196157,0.7549668412451094,26.096758916314506,18.45375615862623,39.0,2.1133908817674176
1990,4,Amazonía,0.9046627011320961,0.6034309776685157,0.48437227218536943,0.1630123802668192,0.378647254594241,0.715020207140542,30.27519251022756,23.32386109008651,39.0,1.6721073689028452
1990,4,Azuay,0.8756898506644598,0.5773125196776938,0.458174901942562,0.17390735913391742,0.3854414212435582,0.701702750129874,36.5927974686872,26.72525749905746,39.0,1.4592937037697558
1990,4,"Costa, Santo Domingo",0.9046503136721213,0.6314738981361296,0.5124961008899972,0.16001689830653554,0.3755606054302718,0.7148147152094839,26.707159962473728,19.505505595390574,39.0,1.9994354829344312
1990,4,El Oro,0.91710310638468,0.6725297174028668,0.5723335430669155,0.19637394680904374,0.4518649130163198,0.8044628774310011,23.715171515871873,16.39272372724592,39.0,2.379104330000945
1990,4,Guayas,0.8965437451010314,0.6105409911055393,0.49285333860093955,0.18154197450056653,0.40079282250060255,0.7245568092647029,32.02374333666445,22.504304539644945,39.0,1.7330017877822104
1990,4,Los Ríos,0.921539192330146,0.640154446545496,0.5195029427906892,0.1630265071998236,0.37681908735644276,0.7067414188539283,26.416874029612494,21.2052581746465,39.0,1.8391664783704125
1990,4,Manabí,0.917315950630096,0.6680067843609084,0.5546804446699781,0.18530775552174716,0.4156132256578252,0.7490361471623688,25.039919295926076,17.876515118711733,39.0,2.181633262468358
1990,4,Pichincha,0.8153247320929877,0.5348964834516275,0.4183676359106377,0.17174160902378444,0.36891785757250994,0.6609011700732387,43.743815904113745,27.9963447827737,39.0,1.3930389950046946
1990,4,Sierra,0.9151650322303557,0.6607186596893575,0.5482977148503,0.1868256896566428,0.42410430060309845,0.7656797915307554,25.810118710238324,18.321975944902228,39.0,2.128591376676874
1991,1,Amazonía,0.5323460064839375,0.22907766140544128,0.12976216300055438,0.09923939623061973,0.18194121767523697,0.2524863319668025,86.15825954066159,61.98593477349474,36.0,0.5807769154655653
1991,1,Azuay,0.50995539114351,0.20808983177376147,0.11760885106563981,0.10701359900130147,0.19826314582633697,0.2781310553061389,103.54232981041356,63.29794686868022,36.0,0.5687388261531872
1991,1,"Costa, Santo Domingo",0.695879254238507,0.3562038866127224,0.2141620920461347,0.09303252927085126,0.17211371341375947,0.2403938603494329,61.69974066135012,42.19012868336746,36.0,0.8532801658458135
1991,1,El Oro,0.5697479060634815,0.26045959193003904,0.1559441802888586,0.07657046271777557,0.1464526564676586,0.21134374593524563,72.20943542949912,57.476773202467314,36.0,0.6263399629827274
1991,1,Guayas,0.6395551267977335,0.28114319966452594,0.16519255484204395,0.08354323277585174,0.15979742093822713,0.22975586745170606,72.14030831536962,52.73100548389598,36.0,0.6827102891295024
1991,1,Los Ríos,0.6065902212370519,0.2604388032522714,0.14809380977361078,0.06421982617131061,0.1261440452231678,0.18650950348381623,69.48705241155176,56.91999311376365,36.0,0.6324666963337167
1991,1,Manabí,0.624226920587751,0.3093956028864209,0.19458526279813193,0.08791313075740037,0.16954207173539582,0.24584560026070768,68.77384667474324,51.43892939707586,36.0,0.6998590449288489
1991,1,Pichincha,0.548518316906582,0.24685972034066156,0.143285758135822,0.11017067716304907,0.20610189607386808,0.2899509166216462,97.46549232260327,58.68198559398145,36.0,0.6134761739161777
1991,1,Sierra,0.6957519978553584,0.3419567171521511,0.21241197844235593,0.08800463505788325,0.16848342734316202,0.2426205173384982,62.609049717394974,45.535994491010925,36.0,0.7905833704171458
1991,2,Amazonía,0.6228781091594955,0.25771059127853935,0.1479373973754433,0.09904782573670079,0.18167034744298483,0.25220364112267024,79.07839518885604,56.724749219073296,36.0,0.6346436166860171
1991,2,Azuay,0.5337400562234583,0.23426779981824655,0.13539653867552506,0.10657962556756984,0.1976368165437925,0.2775410682922661,94.57160691449644,59.990344895877506,36.0,0.6000965665805648
1991,2,"Costa, Santo Domingo",0.7282629158486406,0.3867150326355677,0.23975812133833563,0.09272327630690291,0.1714834274960252,0.23944140792892665,56.41810422732689,38.58826477487978,36.0,0.9329261165284454
1991,2,El Oro,0.634245527331045,0.2840567425472057,0.16968030456441247,0.0755102437655496,0.14424439088175656,0.20797030403205985,66.78617117456272,52.630965620289764,36.0,0.6840079708916007
1991,2,Guayas,0.6757779000597816,0.3116876803250952,0.18391076543962934,0.0825271007085987,0.1577339164943764,0.2266112190461148,66.26002783911034,47.61755876972254,36.0,0.7560236377109377
1991,2,Los Ríos,0.6297316779376476,0.2911571895493757,0.1692108198601264,0.06434838204226989,0.12642460159582736,0.1869494419761809,63.72643837910261,52.060608341404446,36.0,0.6915017159215321
1991,2,Manabí,0.6534126869142844,0.3436421401654366,0.2213885458633037,0.08856691950717521,0.17070931951070445,0.24727047867456464,62.45673737033399,45.90475139618145,36.0,0.7842325446728077
1991,2,Pichincha,0.5865323120111051,0.27628293134972726,0.1645105911708289,0.1104177556327477,0.20672964677313055,0.29107652051279376,88.91259949962871,53.66426177949756,36.0,0.6708375146931362
1991,2,Sierra,0.7264902658462586,0.37261364485660786,0.2357043574049023,0.08758645107559948,0.1676625172064149,0.24140172609148447,57.337533615935136,41.64848667312356,36.0,0.8643771449019151
1991,3,Amazonía,0.6599908225646491,0.276701904830091,0.15928280496015493,0.10122179778754581,0.1852486689771803,0.2565409733744496,75.99708066943518,53.365984874858306,36.0,0.6745870067688052
1991,3,Azuay,0.5517249606336785,0.2505511897963851,0.14840243157182922,0.10922941487398452,0.20264273674268607,0.28467221212872906,91.11267508934121,57.962135264503104,36.0,0.6210951310837396
1991,3,"Costa, Santo Domingo",0.7351179005641008,0.39682927470625995,0.25494391535904753,0.09532217871439419,0.17794687073559268,0.2509131177260029,54.838082483549236,36.6076643775809,36.0,0.9834006242159211
1991,3,El Oro,0.6402566106552039,0.29207296040337555,0.17279704052682826,0.07397463162287532,0.14114421339299765,0.20319853609912175,65.11437843265364,50.98594194973676,36.0,0.7060769816803564
1991,3,Guayas,0.6874728409675553,0.3176967136215408,0.18921228749081062,0.08232751688449125,0.1578939345467183,0.22787678184953952,64.86677241359314,46.94626954033344,36.0,0.7668340925165724
1991,3,Los Ríos,0.656034185286902,0.2959522971984219,0.17248999964482079,0.06340829471257092,0.12471196440422105,0.18467433445986714,62.259619877827944,50.675713736745536,36.0,0.7103994664390092
1991,3,Manabí,0.6639170816864793,0.35295052999116844,0.2296071945904271,0.0895207934190475,0.1726575841255129,0.2501693860479989,61.020661200685446,44.68361233226815,36.0,0.8056644957955358
1991,3,Pichincha,0.591621729159141,0.2828718714109417,0.16843757103937487,0.10953905165584454,0.20498672545133234,0.2883855426535825,86.67411101640663,52.2444108087103,36.0,0.6890689251298439
1991,3,Sierra,0.7396705453663683,0.3831655107437873,0.24375297961314732,0.08755598417175325,0.16752866804797562,0.2411512227354634,55.49896416888941,40.19368550444921,36.0,0.8956630761320706
1991,4,Amazonía,0.6955229561958304,0.32146275116811784,0.1910795274341321,0.10069953854903668,0.18513582872958878,0.2578645013855463,67.238806171144,48.464697908305176,36.0,0.7428087154924955
1991,4,Azuay,0.6063076774411751,0.2832596937453097,0.16863608290015103,0.10667879038239014,0.19762685035317695,0.2772682113799334,81.09417668293983,50.60764167074274,36.0,0.7113550209317954
1991,4,"Costa, Santo Domingo",0.7826232985681456,0.43987735017241103,0.28780353997534625,0.09250201448236495,0.17108316289668168,0.23892605278595236,48.095927035680354,33.15187644582979,36.0,1.0859113829898601
1991,4,El Oro,0.7266236841146687,0.3496196644842196,0.2165455136624029,0.07755889918503589,0.14803421377158843,0.21309348141542772,56.68345187677658,44.736295378930585,36.0,0.8047157167366811
1991,4,Guayas,0.7372680299832618,0.36785771335759493,0.22565012793296543,0.08262237375856529,0.15809069983346713,0.22726935756483801,57.23188368577391,41.87153575145986,36.0,0.8597726200846324
1991,4,Los Ríos,0.7416871276575496,0.3475727926176614,0.2073629983973919,0.06377585649395989,0.1252748149996724,0.18528219979664795,54.70042354150315,44.736295378930585,36.0,0.8047157167366811
1991,4,Manabí,0.740401023890785,0.39292180823701056,0.2585385286781531,0.0883837702344179,0.17044485529736453,0.2470912428316263,53.98160738714115,39.65941232353818,36.0,0.9077290330556339
1991,4,Pichincha,0.6456088143219516,0.3244372807523905,0.19987235970478,0.11045848846083295,0.20655800638703026,0.29045312156721903,76.51898409310893,46.061254002118154,36.0,0.7815679529338154
1991,4,Sierra,0.795155017334154,0.4305926371541134,0.2817869474670029,0.08877381741569534,0.1697414628893611,0.24411210504927594,49.225464131734334,35.47480851191234,36.0,1.0148046320788822
1992,1,Amazonía,0.4634528055006799,0.19625538641549173,0.10687732356469497,0.05636387942879362,0.11053216160614232,0.1628199056510038,80.28793556583865,67.30478824698693,30.0,0.44573351735257893
1992,1,Azuay,0.4754812608367048,0.19135113988033967,0.10773099124416947,0.09468685810411293,0.17786554983710756,0.25209212208187026,103.03171466953788,68.71553250403004,30.0,0.43658251499747247
1992,1,"Costa, Santo Domingo",0.6540080527086384,0.32895353517050935,0.2053821278668582,0.0805924685208641,0.15667879909307048,0.2282087424945778,63.64413646431912,44.67260371177822,30.0,0.6715525290076232
1992,1,El Oro,0.5177208212760094,0.2306545445805267,0.13974478450223612,0.06262599872847607,0.12554139607549097,0.1889626494483294,75.30672535149905,63.83603449352004,30.0,0.4699540038478625
1992,1,Guayas,0.5597381809696662,0.24080733412159946,0.1350820279130998,0.08683722697743679,0.16141758369736292,0.22762274236749236,81.69913580245299,58.074384825311675,30.0,0.5165788684674025
1992,1,Los Ríos,0.6001091171484052,0.2547481840214159,0.14350049375492144,0.07366330583291669,0.14154493348343822,0.2050331492933558,72.46847236106733,55.007851553048226,30.0,0.5453766899270504
1992,1,Manabí,0.6667048093712387,0.3160386281272546,0.1942624318780688,0.08355356659401147,0.15985671471467833,0.23027301196974603,65.1921777180442,48.89586804715397,30.0,0.6135487761679318
1992,1,Pichincha,0.4536372667109708,0.17364776779521604,0.08979203355689744,0.09222254907960192,0.17526821698087924,0.24954582551673832,112.02473110620333,72.01870286705918,30.0,0.4165584605901279
1992,1,Sierra,0.5766963784430328,0.2664828568092523,0.15877256991479846,0.06973472061936081,0.13854601698325542,0.2062029884529113,73.73434243657832,55.276709233665976,30.0,0.5427240589374424
1992,2,Amazonía,0.5447191814029447,0.22197179924353552,0.12284593298481908,0.05672730933095427,0.11119809167785277,0.16371475081002285,73.90620681973441,61.668617912152826,40.0,0.6486281248751212
1992,2,Azuay,0.5188904830224773,0.2126430218639636,0.11988001896361508,0.09356870422403862,0.17556360610476363,0.2485769723011867,94.7759985496193,64.11648043101764,40.0,0.6238645622951131
1992,2,"Costa, Santo Domingo",0.665684612847084,0.35969853987857436,0.23107317757287327,0.08159649541733138,0.15890819228547348,0.23190904461689477,58.04972143724884,40.93167516303718,40.0,0.9772382840593216
1992,2,El Oro,0.5816518859842083,0.253646972966226,0.15622928953159818,0.06252913143997652,0.12577086872272814,0.1900292329500537,69.25003722341017,59.925597285520105,40.0,0.6674943899084882
1992,2,Guayas,0.607519606809271,0.26922217298603573,0.15302423254342265,0.0870620528921544,0.16159641739473285,0.22746913900901977,75.2109285462134,53.21117771194834,40.0,0.7517217569687088
1992,2,Los Ríos,0.6718301178057658,0.28620210275208874,0.16242153403129875,0.07300392973958236,0.1404044394869285,0.2035558959444702,66.74545073985195,50.40143900527341,40.0,0.7936281342247961
1992,2,Manabí,0.7008544859464511,0.3444455653777919,0.21680604912772355,0.08261213743545492,0.15844589715836632,0.22883770543112003,59.60222984233484,45.82066933939437,40.0,0.8729684785641042
1992,2,Pichincha,0.4996769588413648,0.20018423497777832,0.10589118047096462,0.09334819120370919,0.17729667066139798,0.2522502193481805,103.15973306133859,65.79808416702008,40.0,0.6079204357753804
1992,2,Sierra,0.6209014742231143,0.294641126090973,0.17821403815772843,0.06956862624834048,0.13816536648488165,0.20554853092477265,67.64458278365319,50.64778227460991,40.0,0.7897680451855101
1992,3,Amazonía,0.6439799309645712,0.270012573116967,0.15466716631930089,0.05762682348908266,0.1128561611229445,0.16589380062894143,64.44209981541698,55.04619581543925,40.0,0.7266623861549553
1992,3,Azuay,0.5920475950689121,0.27261973386327554,0.16425606351902475,0.0977390172320467,0.18426180183826302,0.26215746047868893,80.2569360423115,54.353054044634305,40.0,0.7359292077157672
1992,3,"Costa, Santo Domingo",0.7694524495677233,0.40446938172368807,0.26681677545197435,0.08006464603085972,0.15635909672383697,0.22887305524831703,50.05026950899921,40.067780867778616,40.0,0.9983083448518827
1992,3,El Oro,0.669803459831537,0.3091316483378854,0.19109283842138305,0.06264127363276939,0.12568631127562824,0.18928933173303453,59.22443304538334,51.11572480686611,40.0,0.7825380575377658
1992,3,Guayas,0.6545963906290808,0.3174366176484013,0.18909024139000039,0.08607025647998445,0.16039385109967852,0.2267678649639383,64.86465648095883,46.17421669278496,40.0,0.8662843219655587
1992,3,Los Ríos,0.7386249921374207,0.3522231372863124,0.20907995963694206,0.0739008704565346,0.14226168512068382,0.20640826653526212,56.532095768001035,42.98815375509172,40.0,0.9304889023121214
1992,3,Manabí,0.7652954313025693,0.3977128164083669,0.25621720429329403,0.082635644257125,0.158422277370305,0.22865139934191958,51.45550744994662,39.15573575548164,40.0,1.0215617004310835
1992,3,Pichincha,0.5812642053552967,0.2506462665605535,0.139256102834555,0.09325591647200515,0.17712137282906426,0.2519879624459995,87.80112697395236,56.22729728755273,40.0,0.7113982341252416
1992,3,Sierra,0.6710784012855779,0.34524549880314476,0.21719972850802388,0.0703091817853525,0.1397232817522278,0.20802201929966735,57.97326498634497,43.4483660858362,40.0,0.9206330088679597
1992,4,Amazonía,0.7155998963462037,0.320622746454974,0.18712850085255323,0.056571449301243804,0.11100140670945302,0.1636042422040508,56.24114627243537,46.951345711041306,40.0,0.8519457620272939
1992,4,Azuay,0.6326112486915673,0.30901262154852116,0.18735274571677907,0.09535539373787938,0.17891211019887765,0.2533206950664586,71.02876426350011,47.73781117136746,40.0,0.8379102229134355
1992,4,"Costa, Santo Domingo",0.8089621264320833,0.4464432181639543,0.30095746841567966,0.0814310300270692,0.1592294226050731,0.23330315291798032,45.00233349476881,35.69810470749583,40.0,1.120507666380419
1992,4,El Oro,0.7607519330223305,0.36085675403373374,0.223277024436017,0.062382568885765766,0.12437073533796439,0.18591477821412206,52.33273764696213,43.80438283401417,40.0,0.9131506349848614
1992,4,Guayas,0.7416621858198693,0.3652055116802134,0.22576662028902028,0.08796760554604621,0.163294846002915,0.2299868251298729,57.083783095039124,41.09872656114522,40.0,0.9732661653272742
1992,4,Los Ríos,0.8331985798150947,0.4001132356704634,0.24358773677390533,0.0739543300023292,0.14201376875303162,0.20556856311913563,50.378225807713875,38.373089379780176,40.0,1.0423971758989279
1992,4,Manabí,0.8324517971509201,0.45039453853354866,0.29674496308832604,0.08374933319038902,0.16012175473160206,0.23051639705373972,45.2303065378215,33.864826028705515,40.0,1.1811665580710204
1992,4,Pichincha,0.6315503605928482,0.2893415848134036,0.166919339794892,0.0927819764377028,0.17631214822481145,0.25094441112869104,78.27639109949233,50.23973931191192,40.0,0.7961824752246662
1992,4,Sierra,0.7193401144165628,0.38413545374992086,0.24795682567089866,0.0697850472528837,0.1387179209733308,0.20658134732449474,51.58087536122532,39.05201887650779,40.0,1.024274830105198
1993,1,Amazonía,0.4711365254911818,0.20150071155913185,0.11580548829615216,0.08913991483099881,0.16703372597350497,0.23690286662746785,96.18851408812647,70.10143884736742,32.0,0.45648135796005457
1993,1,Azuay,0.4666369051771041,0.22056799493065649,0.13138780715082124,0.08452005729602208,0.16466184387341054,0.24066881735926837,93.23888626830788,70.10143884736742,32.0,0.45648135796005457
1993,1,"Costa, Santo Domingo",0.5906560675013184,0.31224422149592945,0.20503766582878152,0.07544915175304723,0.15366183972905612,0.23461732819522052,67.23830205337144,51.69402386159715,32.0,0.6190270675325084
1993,1,El Oro,0.6088811974485359,0.27949173714365394,0.16924997674448103,0.0827205978567257,0.15883486943837355,0.2297776847382359,72.62378480106926,54.41476195957595,32.0,0.588075714155883
1993,1,Guayas,0.5119224586974125,0.20848007536300134,0.11589817250731202,0.10670863379115192,0.19357255244583116,0.26695967844608626,96.97726711671596,64.60515322641727,32.0,0.4953165251052309
1993,1,Los Ríos,0.5963252934730024,0.2520051684012613,0.13382501791213655,0.0604342268607686,0.11681926707527768,0.17003188884392328,69.5463847200725,54.41476195957595,32.0,0.588075714155883
1993,1,Manabí,0.6471491570547858,0.3098532462137158,0.1869535265009475,0.083458470226495,0.1600883872384502,0.23028457055635954,67.47976435244821,48.73250325508849,32.0,0.6566459316176964
1993,1,Pichincha,0.4201127038755609,0.16950374312667693,0.09407427062519369,0.1041506483252711,0.19532414584121804,0.2758636274478825,120.5618595101009,76.3801221696379,32.0,0.4189571722460588
1993,1,Sierra,0.5253527690556409,0.24522924086190748,0.15296128584594637,0.08692972236275165,0.16566697713854261,0.23957722957110983,79.87887099619634,63.17060788019473,32.0,0.5065646995306602
1993,2,Amazonía,0.4909359278200491,0.21210457392386656,0.12340232046356825,0.08986408060172546,0.16854879766127906,0.23924083297791432,93.45510531261819,68.27018901747559,34.0,0.49802117863328
1993,2,Azuay,0.47592915417334913,0.22886606856659839,0.13733869883297964,0.08498133487766546,0.16553317333102202,0.2418783127848535,90.75156838685754,68.38757328339484,34.0,0.4971663471535336
1993,2,"Costa, Santo Domingo",0.6112326412625246,0.3198236564176425,0.210750016653293,0.07544915175305256,0.15366183972906544,0.23461732819521885,65.594435502784,50.43018949790498,34.0,0.6741993305698853
1993,2,El Oro,0.6018842026453706,0.28479725824457647,0.17457199001732754,0.0820903401925217,0.15802623175093777,0.22912344285486286,71.59650939917803,54.64268558032709,34.0,0.6222241758234694
1993,2,Guayas,0.5262697640645477,0.21397694424661262,0.11868277108031904,0.10598390986459205,0.19206832237676363,0.2646176803828041,95.1993484778313,63.780429243073094,34.0,0.5330788833424571
1993,2,Los Ríos,0.6199373096547087,0.26425973368310646,0.14122692827099678,0.06082180395320347,0.1174046966156197,0.1706399696143912,67.47327675532294,52.0221271217226,34.0,0.6535680465438486
1993,2,Manabí,0.6673434258727987,0.3152958455563009,0.19178958150871914,0.08321762867198068,0.16018552677784836,0.23134160090513278,66.3809427870311,48.28200017513838,34.0,0.7041961782168971
1993,2,Pichincha,0.4340033561638098,0.17922162763900337,0.09994337996046446,0.1049469179410425,0.196764971213226,0.2777620856496794,117.48743262596835,74.5127530640824,34.0,0.4562977289372109
1993,2,Sierra,0.5421759431270181,0.2548327398896844,0.16041805646017235,0.08770733141159981,0.16738827948625334,0.24234739351033507,78.06019517756464,61.82796712338718,34.0,0.5499129533427453
1993,3,Amazonía,0.5031578518458153,0.224413474668793,0.13340598071092571,0.09158242635358749,0.17215942176803845,0.24502181013005453,90.16402761229764,65.55613299929543,34.0,0.5186394993793398
1993,3,Azuay,0.4740469689457476,0.23022677048278498,0.1408505065777172,0.08495613083310005,0.16622858513337713,0.24428696551033036,89.66853112621772,67.60819559508906,34.0,0.502897610278327
1993,3,"Costa, Santo Domingo",0.6274048321256275,0.32724200595577274,0.21622256087144523,0.07534438651422093,0.15341708500191042,0.23420622440215977,63.88596024087526,49.30598559229344,34.0,0.6895714504348986
1993,3,El Oro,0.5960442642277876,0.28141943058817365,0.173669988890871,0.07757848108673093,0.15035091942643364,0.21944828803283245,70.11506965220832,56.23924026777603,34.0,0.6045600871938045
1993,3,Guayas,0.5281533692240208,0.22231842974688235,0.12490991956609776,0.1064952380170866,0.19329485018021597,0.2665965952936378,93.24791271958739,62.573392034259406,34.0,0.5433619449842952
1993,3,Los Ríos,0.5969769200578195,0.26197259276389745,0.14293558920899413,0.059426148850532545,0.1153373186786194,0.1685300008771098,67.16185500645808,52.14449336188284,34.0,0.6520343339811544
1993,3,Manabí,0.6625444596443228,0.3130881317590804,0.1885468906938808,0.08076679787149166,0.15568374535061713,0.22516894248471564,66.00309633168658,48.567795938613195,34.0,0.7000523565651193
1993,3,Pichincha,0.43689969019850244,0.1809019004167308,0.10172312215076398,0.10439641720998938,0.19579686552776943,0.2765814094631762,115.66021338731436,72.85169390791981,34.0,0.4667015710434128
1993,3,Sierra,0.5565950379762021,0.2647753164492785,0.16617164974330537,0.08756778355068107,0.16694383875718377,0.2412923191889339,75.99177514002844,60.25240152200966,34.0,0.5642928603863218
1993,4,Amazonía,0.5248329156223893,0.229200679090558,0.1327712954793364,0.08927770136644475,0.16700128381208912,0.23644395674648966,87.41029588600931,63.987692365769284,34.0,0.5313521826298672
1993,4,Azuay,0.5277283356018567,0.2565957782101128,0.15826920718403487,0.08726455512956055,0.16991494692491904,0.24804965132778123,84.21037454813968,63.22102821963933,34.0,0.5377957454579654
1993,4,"Costa, Santo Domingo",0.634247836133631,0.3413360323964444,0.22683538004296175,0.07573713473812138,0.15420396223243338,0.23535602224911645,61.43690542747703,47.266771895319906,34.0,0.7193213887188791
1993,4,El Oro,0.6446722652415748,0.30050582931654923,0.18248435809024552,0.07955506224592457,0.15297013744516286,0.2217171512538404,66.97130467910418,51.3459796850718,34.0,0.6621745306747954
1993,4,Guayas,0.56939360216514,0.2395419986946677,0.13569331640885857,0.10720906181316892,0.19463510481505686,0.2685944314106521,88.6365389742612,58.98730508780301,34.0,0.5763952082467705
1993,4,Los Ríos,0.6362147840152425,0.28182479542362376,0.15560884439858613,0.06048314247168873,0.11710771731870184,0.17074836379567915,64.10436908853397,49.754496731915694,34.0,0.6833553192829351
1993,4,Manabí,0.7029951111693858,0.34317340669007335,0.21056531675182877,0.08391125776192032,0.16114488827542883,0.23199601784316948,62.365187965504454,44.55888598289966,34.0,0.7630352341629044
1993,4,Pichincha,0.46988889188407873,0.1961725521442336,0.11108593233281912,0.10358338205753725,0.19456498107965636,0.27524801888589423,109.40919768585479,69.83866881005068,34.0,0.4868363125945918
1993,4,Sierra,0.5799124568880022,0.2737373754408507,0.1708966237924961,0.08643117027027947,0.1643313217866309,0.2371526800940853,72.53589847143266,57.760462237493364,34.0,0.5886379485711591
1994,1,Amazonía,0.3676719814616263,0.13584187241513193,0.07758516080182984,0.08475273323414756,0.16189112683035078,0.23325463186492357,121.55505747262293,87.95592282606437,32.0,0.3638185919927305
1994,1,Azuay,0.34465027358428374,0.15104098078184927,0.08749594485393195,0.08357767485059509,0.16128355979245967,0.2339849130914461,121.3632925408725,89.34499353915517,32.0,0.358162206212216
1994,1,"Costa, Santo Domingo",0.4587273373622467,0.2043969339922581,0.11932943838909074,0.10640619549792873,0.19087708878894138,0.26218881352847623,96.74843370523763,75.02937888766401,32.0,0.4264995988826091
1994,1,El Oro,0.5495685572070753,0.2117162501817936,0.11242372037958048,0.07478537441087607,0.13942076135285575,0.19655444564017077,82.03792588500458,62.27180044792824,32.0,0.5138762613224656
1994,1,Guayas,0.4566676101939108,0.1909525949659368,0.10782008607733307,0.09168769432547197,0.17242356211643028,0.24486259162284707,100.82479691858182,70.74636017050292,32.0,0.45232009000714807
1994,1,Los Ríos,0.5977984287499304,0.2502244347486866,0.1365065748371529,0.0664394905429947,0.12915791775136587,0.18794348921201665,75.3482020197848,54.95180870873061,32.0,0.5823284210646176
1994,1,Manabí,0.4999781443058632,0.21124964982990008,0.11948651317546637,0.10127855467339453,0.18537841868654215,0.257602112087177,93.97199857884084,65.71385399462937,32.0,0.4869597208925728
1994,1,Pichincha,0.3222990108013503,0.11720365444608948,0.060486610778954286,0.11996015137587257,0.21757998249655985,0.2981472865879513,152.99384238009375,96.07840674494176,32.0,0.3330613098627877
1994,1,Sierra,0.4606144032598754,0.19888278250164892,0.11543154375841298,0.07318390144240161,0.1427620446816772,0.20944455102553772,90.82066829361155,70.74636017050292,32.0,0.45232009000714807
1994,2,Amazonía,0.37331796124858035,0.1425746443504992,0.08214196367180941,0.08492544693362192,0.16241439259460144,0.23433364385002198,118.52442854287015,87.05885490620516,32.0,0.36756743509291423
1994,2,Azuay,0.3582041461932205,0.1572071096842148,0.0919017666430483,0.08382848919310593,0.1618851232153048,0.23505702200725742,118.23951016515626,87.05885490620516,32.0,0.36756743509291423
1994,2,"Costa, Santo Domingo",0.4891595100661692,0.22519244870243518,0.13032078849387785,0.10917512724619238,0.19528886442005045,0.2671944988605601,92.42271752437267,68.9730439369386,32.0,0.46394936591833325
1994,2,El Oro,0.5438637464535326,0.21776338961705413,0.11504563100646706,0.07397157272521082,0.13788857882898642,0.19434803542137147,80.6229902970624,60.67840429770105,32.0,0.5273704931824056
1994,2,Guayas,0.47838600631937883,0.19935386079887363,0.11264381432828849,0.09183714126147124,0.17268391646300008,0.24518196669383963,97.97950727726665,68.98313956371328,32.0,0.4638814673032472
1994,2,Los Ríos,0.6092567755649467,0.26760021522779265,0.1504506780532554,0.0687671944056697,0.13397988247306292,0.19538121599787783,73.10778586519898,51.71873205598962,32.0,0.6187313324958831
1994,2,Manabí,0.5154212920837125,0.22024020322436916,0.1271283450659371,0.10178028623000834,0.18657683110235324,0.25965090738355456,91.56843097895181,63.85328025345176,32.0,0.5011488818269466
1994,2,Pichincha,0.3271737812706725,0.1252119015552823,0.06606916287485967,0.1188427383717181,0.21605330043402882,0.2969728513963399,148.64723605132798,96.04907381826645,32.0,0.33316302519009083
1994,2,Sierra,0.4695311740978097,0.20633639272376011,0.1213115199982416,0.07459752566299738,0.1457034631656019,0.214119248630256,89.6148851252404,69.64708392496412,32.0,0.4594592938661428
1994,3,Amazonía,0.39513821024710316,0.15038488645770667,0.08463202191784326,0.08379632375494483,0.15994989829687078,0.23037971315918637,113.10072566843631,83.04506332589555,32.0,0.3853329592202453
1994,3,Azuay,0.38867259449737435,0.16962912395141752,0.1008311462949909,0.08454674630029735,0.16347342128997677,0.23768375892966265,113.22665809341615,83.52779815205481,32.0,0.38310599235175447
1994,3,"Costa, Santo Domingo",0.47229727005121175,0.2247204940377291,0.13561398274700975,0.10716798116915383,0.19213453681954307,0.26422656658868837,88.52314261331452,70.14426401470757,32.0,0.4562026624627548
1994,3,El Oro,0.5611367335273558,0.23012141924794477,0.12340723002643422,0.07547068200378049,0.14080916499908436,0.19859413353883038,78.53554116679231,58.63148934654552,32.0,0.545781803543515
1994,3,Guayas,0.500665085488875,0.20931664744459874,0.11894412133491153,0.09167117959848858,0.17238104311358682,0.24473924354269105,94.04634390515496,65.59861473448564,32.0,0.48781517916989464
1994,3,Los Ríos,0.6126344948391663,0.28409130636381047,0.16559262716110468,0.07057291086933715,0.1380444720613997,0.20206371962030045,70.3941998264553,51.373931589145215,32.0,0.6228839999226625
1994,3,Manabí,0.5223895203850838,0.2313881280890005,0.13367773003670608,0.10141504443024174,0.18578521286061278,0.25837933078175823,87.92897454851405,62.40782700365254,32.0,0.512756196400287
1994,3,Pichincha,0.3344468747799003,0.12939017276457487,0.06874380695753106,0.11951842392346834,0.2170753207521866,0.2978841389474023,144.4852629244975,90.08278055690367,32.0,0.35522882178116355
1994,3,Sierra,0.4870141678354666,0.220401748094806,0.13039430545617134,0.07559150325954389,0.14712526154381877,0.21529107172901352,85.6280449590472,66.51034259700897,32.0,0.48112817872387664
1994,4,Amazonía,0.41094301737866096,0.16258902673420536,0.0922207939476546,0.08520054693491463,0.16261611105584484,0.23412787114671607,109.49014695507577,79.22759518279322,32.0,0.40389967568963664
1994,4,Azuay,0.4074095823943507,0.1727128632762357,0.10077780336103014,0.08336451410764534,0.1609399522052707,0.2335888845346994,110.38015781185202,81.14675211586146,32.0,0.39434726795116026
1994,4,"Costa, Santo Domingo",0.5065771541063046,0.23512996552454307,0.14250775274417535,0.10760301073988099,0.19321807410250402,0.26638754525180475,85.89983945888427,64.18505496354724,32.0,0.498558426384052
1994,4,El Oro,0.5676474068749698,0.23940988642246022,0.12894213174001942,0.07344988828397891,0.13695584639567104,0.1931432900225234,75.58915294928924,56.86792318174927,32.0,0.5627073789511944
1994,4,Guayas,0.5146836006010382,0.22119917248826762,0.12697706916797163,0.09201302236830844,0.17320029746314602,0.24611210336771416,91.64544090218321,64.15069327659472,32.0,0.49882547429421387
1994,4,Los Ríos,0.6371702948256672,0.2980718448175255,0.1776318480465446,0.0716744908953314,0.1403321721351506,0.20563276097575411,67.97334327671155,50.18805206394281,32.0,0.6376019527362795
1994,4,Manabí,0.5338094840207366,0.23581517669468213,0.13462392516691457,0.09952846083843558,0.18208199491892174,0.25299265619720124,85.55932222726777,60.504409378300466,32.0,0.5288870733357923
1994,4,Pichincha,0.35291844360032004,0.13747072942602048,0.0733478383414101,0.11927894335443567,0.2169052365355577,0.2979949542290675,140.48798288425508,87.82909111189991,32.0,0.36434397299215976
1994,4,Sierra,0.5114261589338116,0.22908605140284916,0.13680481574178824,0.07574200479370052,0.14752244508127654,0.21605903363228784,83.2111507409227,64.81230426573264,32.0,0.4937334100759467
1995,1,Amazonía,0.29372918231001754,0.10414223058690948,0.05741078851244792,0.06611033055412308,0.12764639144541357,0.1862845138186332,127.6744967811207,103.37327101642826,32.0,0.30955777722187494
1995,1,Azuay,0.3493016787923981,0.1280880330844516,0.06810498076809961,0.09039665009194198,0.17370264108381694,0.2504428111566618,149.5172910396849,103.4104931356971,32.0,0.3094463533599925
1995,1,"Costa, Santo Domingo",0.5106868266303942,0.21839346163230602,0.12898013540438535,0.09885729586764591,0.18570775859644362,0.263200663833176,99.15116048730745,67.48657866749781,32.0,0.4741683551282399
1995,1,El Oro,0.42918467696676194,0.1659197263695606,0.08927790640691143,0.0658174392232087,0.1268733003564707,0.18489793789865383,97.98242707210338,79.93195833036326,32.0,0.4003404979487955
1995,1,Guayas,0.3803868656821116,0.13413239198101318,0.06858556612985671,0.09503680962305561,0.1721238327070833,0.2377411226270859,120.50947434247571,85.34743245117414,32.0,0.37493805122147844
1995,1,Los Ríos,0.4044570040405543,0.15895330932168136,0.08872372903125339,0.05446067358830475,0.1080146074834275,0.16115309951889223,93.70943924169694,79.57180464865765,32.0,0.402152497876518
1995,1,Manabí,0.42651272126629103,0.19204600869036068,0.1124727584033509,0.0761004181024455,0.14858385885803294,0.21759619407812025,100.82304171700635,78.5786964477702,32.0,0.40723505793036163
1995,1,Pichincha,0.20431656173744853,0.07203845056022895,0.03705244340335848,0.08727631250881607,0.16576939476867458,0.23636999116081736,179.21541695164274,117.9028412394225,32.0,0.271409913990269
1995,1,Sierra,0.3901233037151967,0.15748601334121118,0.08918369029457006,0.0687052673657953,0.1336927197590736,0.19609046789893836,103.3108391399446,83.71974439085938,32.0,0.3822276361786623
1995,2,Amazonía,0.3134150718833242,0.11727790471594919,0.0672736206097898,0.06773623298435805,0.1314860468808029,0.19323273954067144,122.04905228768436,98.75417892318923,33.0,0.3341630740068967
1995,2,Azuay,0.3580941302436864,0.14072258581807304,0.07696927758555258,0.09254810355595833,0.17728786776812644,0.2552051892840731,143.3629043597434,102.5516168983752,33.0,0.3217891730824855
1995,2,"Costa, Santo Domingo",0.5157627582546094,0.22926727219364143,0.13587501872044874,0.09883133336198635,0.18585077726027943,0.2636230453904497,95.84057077760288,64.93827286847213,33.0,0.5081748950551729
1995,2,El Oro,0.4572914983454759,0.1775412576202411,0.09686476406434648,0.0654425768727337,0.12614740462569607,0.1836130601819923,93.380072959023,73.74302517486724,33.0,0.44749994893411166
1995,2,Guayas,0.3893015392387665,0.13648442452948534,0.06870912902422623,0.09277824613380914,0.16777209131473414,0.23134182445185858,116.20526612077737,82.18646762207001,33.0,0.4015259562164017
1995,2,Los Ríos,0.4037555489645985,0.16620084705110097,0.09445591313866122,0.05432346559848911,0.10778973456388863,0.16088049999627618,90.16927470735286,75.7613183465508,33.0,0.43557848147586253
1995,2,Manabí,0.4483007789716537,0.20065179977131345,0.11884660916902672,0.07552552090354303,0.14765333356737942,0.21659466940223027,96.54886764106038,75.08543769748157,33.0,0.4394993358493381
1995,2,Pichincha,0.21886172379915061,0.07549973039515159,0.03742682958149502,0.08627440328277114,0.163851357943957,0.23354369204144254,172.95391891173685,113.62911921487141,33.0,0.2904185144443245
1995,2,Sierra,0.41217864811417565,0.16502218994404674,0.09411993081178684,0.06841775117487592,0.13325769726034797,0.19565952487364524,100.02977332092225,81.20759230847659,33.0,0.4063659451279582
1995,3,Amazonía,0.34662290752320657,0.12306253864624457,0.0683630347427015,0.0663303588569304,0.12832609253026894,0.18770711671111906,117.58076225775953,95.64896484290023,33.0,0.3450115749208707
1995,3,Azuay,0.38489891954222183,0.1540159118128754,0.08487170721618266,0.09207617555356773,0.17692895972124123,0.2551369583793289,135.10229266585213,94.21146967963439,33.0,0.3502758221712954
1995,3,"Costa, Santo Domingo",0.555109522348199,0.24394014290400512,0.1456007585732784,0.09840929007863441,0.18452164017980666,0.26119033719495155,90.0062449716868,61.95110112914207,33.0,0.5326781832530925
1995,3,El Oro,0.5025820924735392,0.1945007091350646,0.10292255518888363,0.0629441713090586,0.12153149985241851,0.176795317586097,87.1038799507013,68.34268149179157,33.0,0.48286077279486805
1995,3,Guayas,0.4320611381263518,0.15746275437405335,0.08008116159047265,0.0954366211734956,0.17216325031013247,0.2368120824713441,110.56015100527621,78.42593659538294,33.0,0.42077916353430916
1995,3,Los Ríos,0.46925626568622025,0.1919290530156,0.10842777290949775,0.05674461322603552,0.11237618224713619,0.167341929800368,84.83781684525931,71.75981556638114,33.0,0.4598674026617791
1995,3,Manabí,0.47080740775394814,0.21262365029977565,0.1252212164353004,0.07616011087121322,0.1486788709619481,0.217711014919458,93.05384640490357,72.13340587639632,33.0,0.45748567669946033
1995,3,Pichincha,0.24424810299271998,0.08483868505319177,0.043295616308248866,0.08799426598293891,0.16693609640333062,0.237674493333627,163.9930832414665,108.23205125013139,33.0,0.3049004395540359
1995,3,Sierra,0.447577203535065,0.17814933362556595,0.10068042474090565,0.0679063311450181,0.13208176028676832,0.1937223469581797,94.50390446771381,76.8855166782655,33.0,0.4292095758176605
1995,4,Amazonía,0.37468250556836386,0.14371800425956988,0.07880646879790716,0.06566340947486238,0.12697942576036092,0.18565593275553993,107.0894644697893,88.4590381546648,33.0,0.3730540223860639
1995,4,Azuay,0.4050494036561398,0.17420841630609898,0.09665134345753039,0.09143632448514794,0.17566940357106997,0.25318205394459325,123.90235983955861,85.31568518149435,33.0,0.38679874550380994
1995,4,"Costa, Santo Domingo",0.6293823453789946,0.27891062377888326,0.1672183202306898,0.09852890204370279,0.18465384409878505,0.26125640895557256,81.35278606801127,56.101456208610074,33.0,0.5882200254711994
1995,4,El Oro,0.5386827833892801,0.223459538181449,0.12105447773553488,0.06506589277439179,0.12445705257572193,0.1798495588537108,79.87123945390846,62.48221077190141,33.0,0.5281503261859659
1995,4,Guayas,0.4814735610568562,0.18556175779551387,0.09749503911408873,0.09540863665081467,0.17242491554490413,0.2377479625867519,100.22768328112323,71.00251224079705,33.0,0.46477228704365003
1995,4,Los Ríos,0.5216350385522656,0.21842991495962627,0.1251911147941901,0.05612077538456117,0.1112774440812323,0.16591131708385753,77.38420180006472,65.81751174613719,33.0,0.5013863199095606
1995,4,Manabí,0.527974095074302,0.24422439095364717,0.14855187546376925,0.07650875473164243,0.14974429894319208,0.21983169623815868,83.48358815912326,64.86779227130825,33.0,0.5087270407165725
1995,4,Pichincha,0.2812904754574155,0.10054772277850801,0.051939114155900815,0.08758339781725455,0.1662389266842147,0.23684975406884634,149.25260131370501,98.01239320863341,33.0,0.3366921153507065
1995,4,Sierra,0.5001293074494525,0.20819942076475018,0.1187793371152292,0.06836503303195773,0.1329406907429026,0.19490811920173357,85.52903808391237,68.6086752460434,33.0,0.48098873621529487
1996,1,Amazonía,0.33728856845372573,0.12937887650555566,0.06638515332233445,0.07592241343508599,0.1470062578989797,0.21359546989194877,127.35153495203335,95.03138832686224,30.0,0.31568517021780673
1996,1,Azuay,0.28899516728091434,0.11434883948547582,0.06615663283524076,0.08516543554698641,0.1658295964391049,0.24278705372567055,149.8320237532039,106.61852475556918,30.0,0.28137699399590466
1996,1,"Costa, Santo Domingo",0.47109472203689345,0.23384887505801755,0.155891154429336,0.07483471603961867,0.14973547471614812,0.22481547592172302,83.97683904350023,70.20238097721273,30.0,0.4273359333743655
1996,1,El Oro,0.40152030158828256,0.14692843276541,0.07475332654184369,0.06194012264373039,0.1201137987597255,0.17522718037497886,98.85244428675784,79.98963381345152,30.0,0.3750485977966188
1996,1,Guayas,0.3440446902776631,0.1342095473514401,0.07315220163398743,0.07689660792773734,0.14718099590012146,0.21215892557271532,117.34064650659202,90.07834046268263,30.0,0.33304343581272244
1996,1,Los Ríos,0.47013453929757515,0.18499984794791632,0.09619074203450728,0.08228223609084084,0.15534990910773605,0.220267499917012,96.65805847676414,67.3030929082433,30.0,0.4457447452065846
1996,1,Manabí,0.461325743884165,0.21358030727265154,0.12796023446807436,0.08577401296376086,0.16596821505598813,0.24118710856789716,95.59603063216124,70.38326871867618,30.0,0.42623766338433083
1996,1,Pichincha,0.19310636402414397,0.07450900784591058,0.03830622150824102,0.08545774663262806,0.16272168757404526,0.2328067496747912,177.19588362563047,122.27968697075562,30.0,0.24533919527594794
1996,1,Sierra,0.3279429235863603,0.13920923855229336,0.08262512841560359,0.06812740284975682,0.13511200406505353,0.20180205796744566,115.93986436961421,98.58775207023426,30.0,0.3042974342150321
1996,2,Amazonía,0.35726083572228656,0.13891543558331598,0.07261477630890302,0.07542384297836269,0.14684420631767103,0.2142937535119085,123.99121967675234,94.86741145450156,30.0,0.31623082721497053
1996,2,Azuay,0.3051154624870804,0.12407069136445571,0.07132212387539388,0.08541468431369414,0.16656844504939672,0.24414757269364207,144.28932927895838,104.52404352712566,30.0,0.28701530277303633
1996,2,"Costa, Santo Domingo",0.4901543515117265,0.24424709728549296,0.15958558572689305,0.07525664026778911,0.15048161258284798,0.22565704103774542,81.66674275171366,66.68905661223833,30.0,0.44984891860795345
1996,2,El Oro,0.4189882025321921,0.1580940866002532,0.08126404922401598,0.062350407631757476,0.12087700128157286,0.17628871493707254,95.07786292285809,76.84696038726601,30.0,0.3903862930793444
1996,2,Guayas,0.3718542732067389,0.14610828851548052,0.07987577944212487,0.07718140084074088,0.1478366285136392,0.2132667405253843,112.24131800176843,86.66446074815865,30.0,0.3461626569993676
1996,2,Los Ríos,0.49782516028568696,0.1921466278558975,0.10257200459460415,0.08127421850018335,0.15397053601271193,0.2191073956825964,94.04085480843055,68.40489449702277,30.0,0.43856510883597244
1996,2,Manabí,0.484953095684803,0.21946740584270502,0.1299920652762334,0.08341352647941391,0.16116847252795952,0.23390607252871898,91.56694553315059,68.61653867383446,30.0,0.43721237736289226
1996,2,Pichincha,0.20817974599901717,0.0765380015786773,0.03955956510153913,0.08520546899615555,0.1621370304318922,0.23181645662114092,169.35362063921184,116.759891020925,30.0,0.25693754711216354
1996,2,Sierra,0.3498642781273487,0.15169555099787527,0.09163263359897585,0.06923546031605221,0.13754733575425981,0.2057672839829786,111.3130264133071,92.21635246471921,30.0,0.3253219108994537
1996,3,Amazonía,0.3667043404120318,0.14364176312308302,0.07378792732358899,0.0746868712931581,0.14481988616270558,0.21067811918091606,119.15820077360092,91.62011447495516,30.0,0.3274390145867004
1996,3,Azuay,0.31535528847899497,0.12537866202364928,0.07109571654355261,0.08390338500209793,0.1631963297286373,0.23869190116455807,138.35990838063827,101.52861217978848,30.0,0.2954832076979002
1996,3,"Costa, Santo Domingo",0.5168782847309428,0.2604291345279626,0.17494386749193727,0.07688061221399856,0.1542136713151394,0.23204811779130352,77.25803646209397,63.6075542376561,30.0,0.47164209282299047
1996,3,El Oro,0.44826207083808806,0.17336444510309587,0.09142003028971765,0.06220563811092972,0.12098156056498488,0.17699016050480432,90.51318072248887,73.85387142312382,30.0,0.40620754771437656
1996,3,Guayas,0.40581092763280024,0.15984196876847842,0.08700564429005038,0.07798396136398766,0.14906891432253244,0.21453717964531183,106.40719997173555,80.62570073796054,30.0,0.3720897893030686
1996,3,Los Ríos,0.5226353572159316,0.20955016447285105,0.11094395813361511,0.08138460716804496,0.15384789359418283,0.2184633918385479,89.03083826276331,61.60954276676224,30.0,0.48693755306011965
1996,3,Manabí,0.5039398293262457,0.22908066886383677,0.13811694123367632,0.08372774662453175,0.16220796134296633,0.23611417972009285,88.46624900155007,66.4628661785636,30.0,0.45137987157219467
1996,3,Pichincha,0.22685163391471844,0.08303573774993402,0.04316213501654518,0.08478764540384742,0.16135276337368865,0.23073949290106288,162.56419360591428,111.93535509878996,30.0,0.2680118357021615
1996,3,Sierra,0.3842855771077396,0.15302561524418706,0.08843844231577355,0.06678746078630793,0.13207337128176633,0.1966958007677032,106.30240410427784,90.2476552709231,30.0,0.33241860866013767
1996,4,Amazonía,0.4123603489795113,0.16768202089233264,0.08990362665165832,0.07529460516197928,0.1456047570575677,0.2113508531306273,106.96330903897136,80.7819762026081,30.0,0.3713699690232563
1996,4,Azuay,0.3546177193236017,0.1435813255446445,0.08225835309285821,0.08427915952282561,0.16400328395451058,0.24000352743746367,127.05054838926365,93.55185193758813,30.0,0.3206777779237775
1996,4,"Costa, Santo Domingo",0.5504110453356097,0.2826308263019616,0.1910080133982857,0.07747989706767067,0.1555313414120637,0.23409814775197868,71.66490530853248,58.610123475497566,30.0,0.5118569663573861
1996,4,El Oro,0.48639601061596704,0.1992175573327292,0.10650694496168557,0.06284998018034005,0.12202179314351713,0.17819220576138017,83.07070298561996,67.44827311903349,30.0,0.4447852941624711
1996,4,Guayas,0.4320017230163141,0.17852934885684374,0.09858853261319689,0.07766942843129643,0.14845141701431885,0.2136394749808358,98.31769754385948,74.86210199919628,30.0,0.4007368107339823
1996,4,Los Ríos,0.5707990019601222,0.23553922122739657,0.12728256420035539,0.08133154877156235,0.15372080734670157,0.2182127216414388,82.34386536260966,56.769089019479686,30.0,0.5284566040808905
1996,4,Manabí,0.544006993006993,0.25553442371059193,0.15527574558350832,0.08448921876580828,0.16335108040063262,0.23726968287305072,80.93807996591809,59.52356141244808,30.0,0.5040021008172764
1996,4,Pichincha,0.2558640720915999,0.09591542017161572,0.050551389233368105,0.08513334990369792,0.16199830552678773,0.23163242841709697,149.6705229798737,102.80464681529389,30.0,0.29181560298436826
1996,4,Sierra,0.4050577726630882,0.17262100807201752,0.10052929988603215,0.06719852579220742,0.13294777089325505,0.19805860631809258,98.30652306159546,83.15720172230054,30.0,0.36076250016424977
