Año,trimestre,fgt0,fgt1,fgt2,a25,a50,a75,ingreso_promedio
1990,1,,,,,,,
1990,2,0.8510933689331942,0.5747295588560147,0.4642644374527317,0.1814793549887968,0.3992710770518618,0.7191438073369221,36.72729485613837
1990,3,0.8765966509579008,0.5950244095325077,0.4786100061348911,0.1778177350534971,0.392117410417371,0.71039784885822,33.75752410607269
1990,4,0.8824419463289682,0.6068704504441931,0.4912713562666424,0.1828274660390186,0.4023384090975364,0.723721116885008,32.84842050989068
1991,1,0.6110452282962818,0.2776521926087938,0.1646791265226225,0.0965510873766817,0.1817863551489007,0.2578999670589753,78.62414135271737
1991,2,0.6477199541889531,0.3075255004443378,0.1850741899902623,0.0961084573477704,0.1809549635455933,0.2567138484822666,72.00295823482084
1991,3,0.6585181470744279,0.3151241868603877,0.19086680107846,0.0958434369917459,0.1806669203896936,0.256680362118316,70.20936474332257
1991,4,0.7151960100237409,0.3616142995843563,0.2253245465432794,0.0963526389929202,0.1813903681206399,0.2572587305979821,61.952105776001865
1992,1,0.5358357693514545,0.2293184705842221,0.1295971677837553,0.0885313214574387,0.1672178669571814,0.2381695559797295,87.63510325144715
1992,2,0.583540391029614,0.2568480322056958,0.147396110388951,0.0889353342214769,0.1678386996379214,0.2388400422936081,80.60358002274185
1992,3,0.646969918190985,0.3075740686942932,0.1837966145881181,0.0886213119897537,0.1675518836215691,0.2388923239297371,69.07627472456868
1992,4,0.7161342545249428,0.3519951126367935,0.216750124386578,0.0891630327068071,0.168280325516459,0.2394912819525254,61.135112839531146
1993,1,0.5080477540923495,0.2182863265742556,0.1258364957915829,0.1023789528850361,0.1896909115186831,0.2661700155508438,95.49605117106049
1993,2,0.5224191161858046,0.225927435961096,0.1307320435077701,0.1023603922266859,0.1896344639788396,0.266062322538936,93.41097727893111
1993,3,0.5245782040515709,0.2307989596289505,0.1345038836782619,0.1020177949170655,0.189139489399945,0.2655524701743815,91.65780153532567
1993,4,0.5606848106996661,0.2474004395120602,0.1448245423745318,0.1022010551748391,0.1894772665552878,0.266016587408408,87.15022872008805
1994,1,0.4335755835652537,0.1771667087610235,0.0985953606504207,0.1033005537820094,0.190259234073597,0.2653311478631347,110.66883629496591
1994,2,0.446544247116909,0.1858177635955015,0.1043461752901123,0.1031609850680745,0.1903294692846149,0.2659028984217745,107.78657068819156
1994,3,0.4624629736083711,0.195625523065998,0.1109396465026602,0.1035699157836833,0.1909888922784884,0.2666390661112851,103.6427088212672
1994,4,0.4789532653907053,0.2050025080340536,0.1170128279370504,0.1036546226847369,0.1912585946440831,0.2671660498268047,100.94767073183657
1995,1,0.3435513235115465,0.1289296722583486,0.0691050965061298,0.0917451455323223,0.1711227384846909,0.241386109417819,130.52652580817104
1995,2,0.3570941991560222,0.1339836844673748,0.0714828042593711,0.0906548897908248,0.1690388757726256,0.2383592940895412,125.80900461373535
1995,3,0.3930460472580103,0.1496813248016635,0.0800522863992426,0.0921106372050697,0.1714753245112502,0.2413608376592736,119.4680814106376
1995,4,0.438931496498302,0.1747698196607781,0.0954477011305248,0.092183357750353,0.1717375568065302,0.2419809728271786,108.50130625175392
1996,1,0.3253812409333148,0.1311064574283386,0.0727783408748359,0.0841230227233539,0.1607916404826623,0.2314060686652738,127.74038108244262
1996,2,0.3476667939752809,0.1399792326100087,0.0781012689017803,0.0840893604448725,0.1608194469474809,0.2315764120229905,122.5053556919574
1996,3,0.3761497328308641,0.1502287355223689,0.0833415539334634,0.0840513311843058,0.1605521415614231,0.2308997622703147,116.64770234072608
1996,4,0.4056072092565262,0.1690779965273264,0.0949521581635939,0.084140346529271,0.1606981499076791,0.2310687205228069,107.560387917482
1997,1,0.3051456521184603,0.1162950529221571,0.0637785328988278,0.1024179993383036,0.1913078479336409,0.2693745437618917,145.85582088052712
1997,2,0.3120679037232747,0.1223256431104756,0.0673026645861966,0.1014810187570484,0.1896827916158777,0.2672846329313149,140.92624133383768
1997,3,0.33637554512939,0.1324948064539334,0.072649209510344,0.1011796279564674,0.1891209361537819,0.2664798125305306,134.06431099821535
1997,4,0.3775450975631619,0.1512757617193047,0.0836862859139375,0.1014256110548836,0.1896707988862233,0.2673764112980085,124.38717135198304
1998,1,0.3275167094784148,0.1334784257637082,0.0753338449338614,0.0992226722209984,0.1885230309881762,0.2690405620931461,129.13428126012454
1998,2,0.363249330561909,0.1514622388080824,0.0861654507896201,0.0979448502444656,0.1861146919623161,0.2656795566825709,116.54045442091734
1998,3,0.4291362021841309,0.1748466774266044,0.099798343077693,0.0984157606774187,0.1866980676822458,0.2660811877465745,105.46186144046816
1998,4,0.5267198253611451,0.2264363419190217,0.132678957345745,0.0996602864630465,0.1892160295078923,0.2698479907170665,89.00769379823971
1999,1,0.467870656806955,0.2018119246857563,0.11748124457575206,0.09398158019145586,0.18051441282057068,0.25998199143784195,88.47151135877289
1999,2,0.516301817068703,0.2284965014627165,0.1344140482582021,0.09356162606352858,0.17964917422589322,0.2587901806977906,79.8352811875479
1999,3,0.6180225757115059,0.29284327275384264,0.17872993948396582,0.092939697833051,0.1787893560751036,0.25796735438469864,64.67482378190834
1999,4,0.7775203703202249,0.4326635110914264,0.2868156204854083,0.09369400171314557,0.18005756017882546,0.2594506584996059,43.259138441654386
2000,1,0.8747301,0.6342983,0.53959155,0.19491631,0.4449501,0.79158765,46.357952
2000,2,0.8744221,0.6311946,0.53581667,0.1929965,0.44104952,0.7872208,47.15017
2000,3,0.873098,0.6304877,0.53453225,0.19186687,0.43838376,0.7837193,47.660362
2000,4,0.8759771,0.6335824,0.537968,0.19342089,0.4415834,0.7874155,47.56482
2001,1,0.874299179,0.606891102,0.470210806,0.15520591,0.283548967,0.393401453,41.19053913
2001,2,0.836969958,0.586455573,0.461992969,0.139886543,0.271720438,0.394726373,42.49128274
2001,3,0.854581722,0.564194474,0.422215841,0.169246022,0.297548674,0.401517003,50.39980691
2001,4,0.860794646,0.570778266,0.429026641,0.171996252,0.300105066,0.402658151,49.69345149
2002,1,0.237813183,0.102961102,0.067054825,0.119761736,0.226674865,0.340614688,200.1365758
2002,2,0.232731004,0.101657647,0.06593791,0.119247157,0.22536946,0.337584304,201.9273194
2002,3,0.224405217,0.094674652,0.059720746,0.117169831,0.220282693,0.325917932,205.5473135
2002,4,0.261631622,0.117045291,0.0769375,0.133010844,0.250019651,0.372499392,210.6434025
2003,1,0.458524052,0.22308941,0.147864926,0.099362998,0.202368692,0.333797074,98.93532299
2003,2,0.454086508,0.224583516,0.150519943,0.099856912,0.204274411,0.339471048,100.0957666
2003,3,0.440905809,0.213425863,0.14099504,0.097121446,0.198108092,0.328060245,102.3343703
2003,4,0.478854919,0.227408446,0.142516664,0.099766674,0.192090015,0.281708417,97.77496907
2004,1,0.443284276,0.204426745,0.126510056,0.09200687,0.179408465,0.267038626,98.69710109
2004,2,0.322640643,0.118932281,0.063132325,0.078680519,0.152751496,0.225701957,126.3302292
2004,3,0.408552191,0.183033804,0.110981499,0.094930042,0.182310958,0.266256329,107.8983153
2004,4,0.403097709,0.180636254,0.109593717,0.099155666,0.18993649,0.277419134,113.3370311
2005,1,0.257630253513089,0.107017439585228,0.0628015159240756,0.0773448410125029,0.151541899502667,0.226253154852822,136.425137940569
2005,2,0.264598379760521,0.0994511621897632,0.0526282290443999,0.0827292089379382,0.158865239557627,0.232562468151945,136.633803363633
2005,3,0.297420398442811,0.122079183583983,0.070364059700132,0.0974207404013042,0.186945336616846,0.277241424443129,143.932640665985
2005,4,0.35897298876923,0.156552277752252,0.0936710093828775,0.0921348963205955,0.178127376226732,0.263107502414983,119.495270750703
2006,1,0.340541644243067,0.136865359619408,0.0752071651958384,0.0723764267625894,0.140827399470772,0.206681714063382,138.66147134788
2006,2,0.362949024454655,0.134059327269583,0.0740810533994722,0.0693695222566005,0.136858153457258,0.205855141968865,137.339136176946
2006,3,0.358242487896836,0.142040881327783,0.0791484797383168,0.0929393596236588,0.178630420952117,0.264136923367762,158.856369975242
2006,4,0.417253588907436,0.177964050271748,0.104439716908521,0.0833088028696202,0.161317066349666,0.239142270996344,125.703265073749
2007,1,0.340724421546054,0.124824182511323,0.066112745020936,0.0690856330293253,0.13451336505303,0.199888522020651,136.722248756369
2007,2,0.322791979919243,0.124678002341966,0.0691052201054675,0.0751468621131109,0.146201932417159,0.217720617123994,146.93887182671
2007,3,0.328467608046436,0.128504142772992,0.0715926929724314,0.0882078453279703,0.170511845552922,0.252934573789296,162.516289540663
2007,4,0.41661999036185,0.174782667461857,0.102617897845624,0.0875465362918946,0.169214457764327,0.249066078766021,131.096809976169
2008,1,0.292304988930485,0.0994883383485269,0.052231453154662,0.0743356498136804,0.144192436217398,0.21285910686451,164.140704281527
2008,2,0.345264676888848,0.130290947403407,0.0741099415131667,0.077470513153887,0.151131206145487,0.225921349127801,145.497515397711
2008,3,0.268449294239937,0.0981620654152704,0.0537826874884869,0.0735032883233735,0.143609294810022,0.215918676282482,165.631862210573
2008,4,0.317999885030035,0.127082093227864,0.0721046050160771,0.0691721666200376,0.136114427491948,0.204237366998729,147.699022907662
2009,1,0.299999577914233,0.112162737731989,0.0619493092973303,0.0644824676887961,0.127363340220251,0.191568578678347,141.552545466135
2009,2,0.275935667125599,0.0946794554002567,0.048819031904107,0.0638305032312428,0.124540492630677,0.184184626634307,151.40894706453
2009,3,0.336544020633945,0.137210978616904,0.0794383572594317,0.0923033498281027,0.178697480742806,0.268395742955028,161.819192006992
2009,4,0.393585387709167,0.165633857018903,0.0958537685605618,0.079244768309318,0.153967780696503,0.22785851897076,129.911216002403
2010,1,0.301559691751048,0.108628837729118,0.0580797693060752,0.0722799468678073,0.139682503444423,0.206296641279991,148.597572313063
2010,2,0.371900394211461,0.155842905072658,0.0913858354616994,0.0863663088657239,0.167410078464642,0.247514593433897,141.171563641217
2010,3,0.287112614956282,0.112336808234517,0.0624535418772169,0.0844931621020368,0.163327726956467,0.243627849657418,169.17767385654
2010,4,0.354874052453846,0.143833606541942,0.0812289659806536,0.0760335406567824,0.148549197691644,0.221577553488635,140.409554794786
2011,1,0.270668390164804,0.105339560876708,0.0568019608924198,0.074082780469727,0.143526078800749,0.213277098585868,157.5251360233
2011,2,0.321280884265911,0.134977270760617,0.077590097095785,0.077497681360477,0.15101772530214,0.224565227680847,144.253138567951
2011,3,0.265079168214689,0.0877104439889704,0.0445462628572046,0.0719116275777618,0.140659028334519,0.210550569110548,176.874770038321
2011,4,0.319426202143644,0.131304511051222,0.0755393856777663,0.0701669787389802,0.139443870651166,0.21182899157492,146.921105473691
2012,1,0.233920142498728,0.084235172809989,0.0426977252342092,0.0653040141578654,0.127877656850698,0.191476094040348,170.066976740907
2012,2,0.296246865792118,0.115387504543686,0.0636182001568183,0.0645910858396056,0.128642582968681,0.19694020093895,147.587331317834
2012,3,0.217925297802587,0.0749064263488116,0.0368439093061381,0.0588962463998751,0.115768892530001,0.172716892112048,174.844932322896
2012,4,0.304931786414863,0.125809250107742,0.0718419262515523,0.067740819593846,0.135114537794276,0.205530241202269,150.348740084467
2013,1,0.217927237432125,0.0730213106587688,0.0370622381239538,0.058873888762192,0.116335404271285,0.176096996636091,169.587500956874
2013,2,0.290687839772582,0.118196826892518,0.0676502393244059,0.0693104730407755,0.13761535236493,0.20903415353438,152.865941137518
2013,3,0.211170011906046,0.0772136463104896,0.0411673598339273,0.0780104091114585,0.152346492268645,0.229537375149926,202.512789000565
2013,4,0.264032389692874,0.10092514260478,0.0549220938149572,0.0733783303538846,0.142936934705157,0.211423328670416,168.290119799839
2014,1,0.271453761254712,0.106019760795819,0.0579839235774769,0.0728511892163564,0.140891015343157,0.207102855308805,157.179653058169
2014,2,0.257244491413812,0.0955730346786159,0.0510188185722703,0.0703996631612881,0.137217079031304,0.202794527157579,167.435104691687
2014,3,0.251046095891296,0.101166136517277,0.056096847437296,0.0740252145364647,0.145747626738096,0.216874430617817,180.88316782827
2014,4,0.252778673575889,0.0972242566436643,0.0530621714569075,0.0684968549204069,0.133549389603244,0.19819270755254,165.983729367438
2015,1,0.299203114304464,0.113195869436212,0.0615595475058256,0.066313499970004,0.131042439379512,0.198125346596726,148.560610157369
2015,2,0.255943134208034,0.0980763310937675,0.0525817717510778,0.0662955613549158,0.129458729698754,0.191069378072405,159.773571099414
2015,3,0.253087863831941,0.0973398837059254,0.0535896493716926,0.0731414217272389,0.144294239160383,0.215751852733434,183.438169243091
2015,4,0.259539728727927,0.0981340351989924,0.053080976585854,0.0693280943710489,0.134864997328688,0.19906735023031,167.649467107967
2016,1,0.29592381335307,0.125787711458488,0.0728088831953352,0.0753372688103221,0.14677533417222,0.218532433684936,148.70005965896
2016,2,0.308365441671347,0.122995945010371,0.0689466300496893,0.0698011485985951,0.137297168321636,0.205733730871291,146.282945095504
2016,3,0.278725542653622,0.10883622339578,0.0591196539859407,0.0668464870937942,0.132118834937672,0.199750165354708,156.951562701367
2016,4,0.273593991196595,0.10888798755994,0.0597345304304775,0.0648812782954787,0.127654618626647,0.190151841969967,158.149811482659
2017,1,0.292978062955572,0.122315653599269,0.0712495474352641,0.0679881816334453,0.13497201056313,0.206737450020821,144.445282488478
2017,2,0.295090996101654,0.116762624628203,0.0647735607963301,0.0665560690493989,0.13136356135915,0.198904161467365,146.678585986962
2017,3,0.265956077171539,0.10869646002352,0.0626575666361418,0.0754461811981521,0.147526302140193,0.218328229900567,169.675620449832
2017,4,0.267326248329673,0.107693122827401,0.0606297960266518,0.0662869761808827,0.130359617085213,0.194169435955819,159.791910037026
2018,1,0.211362430269121,0.0788853443498958,0.0442787849622271,0.0833313684539154,0.159224418298439,0.236692490314603,189.33863129242
2018,2,0.220336126905296,0.0847867910244125,0.0476782942553632,0.0837270484763627,0.16060876726914,0.24021850983904,186.812122610491
2018,3,0.20718942906929,0.0784234568920078,0.0449647998737307,0.0919577160145092,0.176756323982843,0.260944571304113,222.770975153397
2018,4,0.207737628342273,0.0728696677915941,0.0390645656966297,0.078902041832584,0.151439729942455,0.224212462463945,196.880662823469
2019,1,0.220887619084267,0.0884640967363258,0.0516534108913667,0.0830472894170136,0.160932656100718,0.243602076476108,186.192748261746
2019,2,0.240394836992057,0.0928115330557605,0.0519160926885995,0.0846415405629398,0.163222504735912,0.244187340235336,186.394683010147
2019,3,0.215577699102727,0.0874424295179449,0.0515782235460507,0.0899823093652362,0.17498384749096,0.263367344176913,213.829858464344
2019,4,0.225708508225063,0.0880868938370953,0.050553930770763,0.0813048188384816,0.157835038241429,0.238917845229207,191.495184874677
2020,1,,,,,,,
2020,2,,,,,,,
2020,3,0.251746468431471,0.113112022140946,0.0755349019391323,0.0957421553123454,0.189729953404983,0.303657852034206,188.690868651446
2020,4,0.26910328213766,0.105264432803408,0.0600919924919533,0.085250288536176,0.164100479760636,0.246085075025019,173.806207810774
2021,1,0.390225998833349,0.172621605148998,0.106442190118253,0.103595672989032,0.201368816324966,0.301986633173887,163.141942542522
2021,2,0.380988091906653,0.171674315365727,0.106477452018374,0.0961547566546679,0.188361471688765,0.286507974665167,148.357226336934
2021,3,0.285487189981573,0.112845227507048,0.0670127909368829,0.0890526322183039,0.173182414107862,0.26498423797342,173.903073907398
2021,4,0.281002274665697,0.119876579667627,0.0737850790432941,0.0897782064254979,0.175293356931376,0.271832569151017,170.28184983789
2022,1,0.277295974220931,0.117978009215646,0.0750667853924443,0.0954312079388376,0.187539623238802,0.290012463536841,192.183866792189
2022,2,0.266960936626942,0.112837378753351,0.0703197134612638,0.0870253083677484,0.171107983405324,0.266416790199506,175.179022312016
2022,3,0.279769157899345,0.116155319371583,0.0719633123125754,0.0876281547677856,0.172544724885053,0.270283805369733,174.315171709716
2022,4,0.27288121957496,0.109791048106779,0.0644279680915567,0.0837454357340382,0.16323877482993,0.249942368971964,174.486249673756
2023,1,0.255865602514933,0.0988069238682046,0.0575102187414634,0.088259626692031,0.171276372130814,0.258131508093677,199.992301832188
2023,2,0.243407480398727,0.0972524126238267,0.0563874631178492,0.0807397975017092,0.157060109087441,0.236522340999295,183.960192611102
2023,3,0.254376697183112,0.0994704095053137,0.0594756744814655,0.0796942740808787,0.1558184174043,0.236216592646966,178.255669343897
2023,4,0.263252574435498,0.106139360075793,0.0611830586235161,0.0757314931283598,0.148810378939704,0.226414098817776,171.339452888351
2024,1,0.267800847582918,0.104461326742862,0.0598559685344819,0.0865614324419553,0.169773691510213,0.257962874553359,200.695345649481
2024,2,0.248138411572215,0.0920921515428174,0.0516613572065635,0.0782879276779232,0.15310983782018,0.232121968765958,186.78320139287
2024,3,0.23347382080128,0.0879353847568631,0.0494869368695392,0.075230727560628,0.147168987214373,0.222686942273477,185.059067015877
2024,4,0.273772505962366,0.115417238326315,0.0726527627114447,0.0794520525667071,0.15838279959421,0.249179219675871,171.302680217055
